City,Temperature,Pressure,Humidity,Cloud cover
Skopje,12.5,1023.0,85,32
Skopje,12.1,1023.0,85,24
Skopje,11.8,1023.0,86,15
Skopje,11.4,1024.0,86,7
Skopje,12.5,1023.0,82,7
Skopje,13.6,1023.0,78,6
Skopje,14.7,1023.0,74,6
Skopje,16.3,1023.0,69,6
Skopje,18.0,1023.0,64,6
Skopje,19.6,1022.0,59,6
Skopje,20.3,1022.0,56,8
Skopje,21.1,1022.0,53,9
Skopje,21.8,1021.0,49,11
Skopje,21.8,1021.0,49,26
Skopje,21.8,1021.0,49,41
Skopje,21.8,1020.0,49,55
Skopje,21.3,1020.0,54,61
Skopje,20.8,1020.0,59,67
Skopje,20.3,1021.0,65,73
Skopje,19.6,1021.0,70,74
Skopje,19.0,1021.0,75,75
Skopje,18.3,1021.0,80,75
Skopje,17.4,1022.0,81,78
Skopje,15.5,1022.0,85,84
Skopje,15.4,1022.0,84,83
Skopje,15.4,1022.0,83,82
Skopje,15.3,1021.0,83,81
Skopje,16.2,1021.0,78,66
Skopje,17.0,1021.0,74,50
Skopje,17.9,1021.0,70,34
Skopje,19.4,1021.0,64,44
Skopje,20.8,1020.0,59,54
Skopje,22.3,1020.0,53,63
Skopje,23.0,1020.0,49,53
Skopje,23.6,1019.0,44,43
Skopje,24.3,1019.0,40,33
Skopje,24.3,1018.0,39,25
Skopje,24.3,1018.0,38,16
Skopje,24.3,1018.0,37,7
Skopje,23.6,1017.0,41,8
Skopje,22.9,1017.0,45,9
Skopje,22.2,1017.0,49,9
Skopje,21.4,1017.0,51,27
Skopje,20.7,1018.0,54,44
Skopje,19.9,1018.0,56,61
Skopje,18.8,1018.0,59,69
Skopje,16.7,1018.0,64,83
Skopje,16.3,1017.0,68,84
Skopje,15.9,1017.0,73,85
Skopje,15.5,1016.0,77,86
Skopje,16.3,1016.0,76,85
Skopje,17.0,1015.0,74,84
Skopje,17.8,1015.0,73,83
Skopje,19.1,1015.0,67,81
Skopje,20.4,1014.0,62,79
Skopje,21.7,1014.0,56,77
Skopje,21.9,1014.0,52,73
Skopje,22.1,1013.0,48,69
Skopje,22.3,1013.0,44,65
Skopje,22.0,1013.0,43,67
Skopje,21.8,1012.0,42,69
Skopje,21.5,1012.0,42,71
Skopje,20.5,1012.0,47,72
Skopje,19.6,1013.0,52,73
Skopje,18.6,1013.0,57,74
Skopje,17.5,1013.0,60,57
Skopje,16.4,1014.0,63,41
Skopje,15.3,1015.0,66,24
Skopje,14.1,1015.0,67,16
Skopje,11.8,1016.0,69,0
Skopje,11.0,1016.0,69,7
Skopje,10.1,1016.0,69,14
Skopje,9.3,1016.0,69,22
Skopje,10.3,1016.0,65,19
Skopje,11.2,1016.0,62,17
Skopje,12.2,1016.0,59,14
Skopje,13.6,1016.0,54,12
Skopje,14.9,1015.0,49,10
Skopje,16.3,1015.0,45,8
Skopje,16.7,1014.0,42,9
Skopje,17.1,1014.0,40,10
Skopje,17.5,1014.0,37,11
Skopje,17.4,1013.0,38,16
Skopje,17.3,1013.0,39,21
Skopje,17.2,1012.0,40,26
Skopje,16.1,1012.0,43,26
Skopje,15.0,1012.0,47,25
Skopje,13.9,1012.0,51,24
Skopje,13.2,1012.0,52,32
Skopje,12.4,1013.0,53,40
Skopje,11.7,1013.0,54,47
Skopje,11.3,1013.0,55,44
Skopje,10.5,1013.0,56,36
Skopje,10.5,1013.0,59,30
Skopje,10.4,1013.0,61,24
Skopje,10.4,1013.0,63,18
Skopje,11.4,1013.0,62,17
Skopje,12.4,1013.0,60,17
Skopje,13.4,1013.0,59,16
Skopje,14.8,1012.0,55,16
Skopje,16.1,1012.0,51,16
Skopje,17.5,1012.0,47,16
Skopje,17.9,1011.0,44,22
Skopje,18.3,1011.0,41,29
Skopje,18.7,1010.0,38,36
Skopje,18.8,1010.0,38,35
Skopje,19.0,1009.0,37,34
Skopje,19.1,1009.0,37,33
Skopje,18.7,1009.0,42,31
Skopje,18.4,1009.0,47,28
Skopje,18.0,1009.0,51,25
Skopje,16.9,1009.0,56,24
Skopje,15.7,1010.0,61,23
Skopje,14.6,1010.0,65,22
Skopje,13.2,1010.0,67,20
London,11.1,997.0,69,80
London,11.1,996.0,71,86
London,11.1,996.0,72,92
London,11.1,996.0,74,99
London,11.1,996.0,76,99
London,11.2,996.0,78,100
London,11.2,996.0,80,100
London,11.8,997.0,75,94
London,12.5,997.0,71,89
London,13.1,998.0,66,83
London,13.3,998.0,63,89
London,13.5,999.0,59,94
London,13.7,1000.0,55,100
London,14.2,1000.0,52,91
London,14.8,1001.0,48,83
London,15.3,1001.0,44,74
London,14.8,1002.0,46,55
London,14.4,1002.0,48,36
London,13.9,1003.0,50,17
London,13.3,1003.0,54,17
London,12.7,1004.0,57,16
London,12.1,1005.0,61,16
London,11.9,1005.0,64,14
London,11.4,1006.0,68,10
London,10.9,1007.0,72,18
London,10.5,1007.0,76,27
London,10.0,1008.0,80,35
London,10.0,1008.0,79,38
London,10.0,1009.0,79,41
London,10.0,1009.0,79,44
London,11.0,1009.0,74,62
London,11.9,1009.0,69,81
London,12.9,1010.0,63,100
London,13.6,1010.0,60,100
London,14.3,1010.0,56,100
London,15.0,1010.0,52,100
London,14.5,1010.0,57,100
London,14.1,1010.0,61,100
London,13.6,1011.0,65,100
London,13.3,1011.0,66,100
London,12.9,1011.0,67,100
London,12.6,1011.0,68,100
London,11.9,1011.0,67,84
London,11.2,1011.0,66,69
London,10.5,1011.0,65,53
London,10.6,1010.0,68,68
London,10.9,1009.0,75,96
London,10.3,1008.0,70,93
London,9.7,1007.0,64,89
London,9.1,1006.0,59,86
London,8.9,1006.0,60,88
London,8.6,1006.0,62,89
London,8.4,1006.0,64,91
London,8.9,1007.0,60,94
London,9.4,1007.0,57,97
London,9.9,1008.0,53,100
London,10.1,1009.0,51,100
London,10.2,1010.0,50,100
London,10.4,1011.0,48,100
London,10.8,1011.0,47,87
London,11.2,1012.0,46,74
London,11.6,1012.0,45,61
London,11.3,1012.0,47,62
London,11.1,1013.0,48,63
London,10.8,1013.0,50,64
London,10.2,1014.0,52,65
London,9.5,1014.0,54,66
London,8.9,1015.0,56,67
London,8.7,1015.0,59,78
London,8.3,1015.0,64,100
London,8.2,1016.0,65,100
London,8.0,1016.0,67,100
London,7.9,1016.0,69,100
London,7.9,1016.0,70,100
London,7.8,1017.0,72,99
London,7.8,1017.0,73,99
London,8.7,1018.0,71,97
London,9.5,1018.0,69,96
London,10.4,1019.0,66,94
London,11.3,1019.0,62,96
London,12.3,1019.0,58,98
London,13.2,1020.0,53,100
London,13.5,1020.0,53,84
London,13.8,1020.0,53,68
London,14.1,1020.0,52,52
London,14.0,1021.0,54,59
London,13.9,1021.0,56,65
London,13.8,1021.0,58,72
London,13.2,1022.0,62,52
London,12.5,1022.0,65,32
London,11.9,1023.0,69,12
London,11.5,1023.0,71,10
London,10.7,1024.0,76,7
London,10.4,1024.0,77,7
London,10.2,1025.0,78,6
London,9.9,1025.0,80,6
London,9.7,1025.0,79,6
London,9.5,1026.0,79,6
London,9.3,1026.0,78,6
London,10.5,1026.0,72,12
London,11.8,1026.0,65,17
London,13.0,1026.0,59,22
London,14.2,1026.0,54,24
London,15.4,1026.0,49,25
London,16.6,1026.0,44,27
London,16.2,1026.0,46,46
London,15.9,1026.0,48,66
London,15.5,1026.0,50,86
London,15.5,1026.0,51,83
London,15.5,1026.0,52,80
London,15.5,1026.0,53,77
London,14.5,1026.0,58,57
London,13.6,1026.0,62,37
London,12.6,1026.0,67,17
London,12.3,1026.0,68,15
Ljubljana,10.1,1017.0,94,35
Ljubljana,10.2,1017.0,94,32
Ljubljana,10.4,1017.0,95,29
Ljubljana,10.5,1017.0,95,26
Ljubljana,11.2,1018.0,92,23
Ljubljana,12.0,1018.0,89,21
Ljubljana,12.7,1018.0,86,18
Ljubljana,14.1,1018.0,79,15
Ljubljana,15.6,1018.0,72,12
Ljubljana,17.0,1018.0,66,9
Ljubljana,18.0,1018.0,61,7
Ljubljana,19.1,1018.0,57,6
Ljubljana,20.1,1018.0,52,4
Ljubljana,19.7,1017.0,53,5
Ljubljana,19.4,1017.0,53,5
Ljubljana,19.0,1017.0,53,5
Ljubljana,17.6,1017.0,60,7
Ljubljana,16.2,1017.0,67,10
Ljubljana,14.8,1017.0,73,12
Ljubljana,13.8,1017.0,79,14
Ljubljana,12.7,1017.0,84,16
Ljubljana,11.7,1017.0,90,18
Ljubljana,11.4,1017.0,91,17
Ljubljana,10.9,1017.0,93,15
Ljubljana,10.8,1017.0,92,14
Ljubljana,10.8,1017.0,92,13
Ljubljana,10.7,1017.0,91,12
Ljubljana,11.6,1016.0,88,12
Ljubljana,12.4,1016.0,84,13
Ljubljana,13.3,1016.0,80,14
Ljubljana,15.1,1015.0,73,14
Ljubljana,16.9,1015.0,67,15
Ljubljana,18.7,1015.0,60,16
Ljubljana,19.7,1014.0,56,18
Ljubljana,20.6,1014.0,52,21
Ljubljana,21.6,1014.0,48,23
Ljubljana,20.3,1013.0,56,41
Ljubljana,18.9,1013.0,63,58
Ljubljana,17.6,1013.0,70,76
Ljubljana,16.0,1013.0,77,74
Ljubljana,14.5,1013.0,83,72
Ljubljana,12.9,1013.0,90,70
Ljubljana,12.2,1013.0,91,55
Ljubljana,11.5,1013.0,92,41
Ljubljana,10.8,1014.0,94,26
Ljubljana,10.6,1014.0,94,19
Ljubljana,10.2,1015.0,95,4
Ljubljana,9.8,1015.0,95,6
Ljubljana,9.3,1015.0,95,8
Ljubljana,8.9,1015.0,96,10
Ljubljana,9.4,1015.0,94,14
Ljubljana,9.9,1016.0,92,19
Ljubljana,10.4,1016.0,90,23
Ljubljana,11.9,1016.0,83,36
Ljubljana,13.3,1016.0,76,48
Ljubljana,14.8,1016.0,69,60
Ljubljana,15.5,1016.0,66,66
Ljubljana,16.3,1016.0,64,72
Ljubljana,17.0,1015.0,61,79
Ljubljana,17.0,1015.0,59,79
Ljubljana,17.1,1015.0,56,79
Ljubljana,17.1,1015.0,54,79
Ljubljana,16.2,1015.0,60,78
Ljubljana,15.2,1015.0,65,76
Ljubljana,14.3,1015.0,71,75
Ljubljana,13.4,1015.0,77,62
Ljubljana,12.6,1016.0,82,48
Ljubljana,11.7,1016.0,88,34
Ljubljana,10.7,1017.0,89,28
Ljubljana,8.7,1017.0,92,14
Ljubljana,8.1,1017.0,91,21
Ljubljana,7.4,1017.0,91,28
Ljubljana,6.8,1017.0,91,35
Ljubljana,7.3,1016.0,88,47
Ljubljana,7.8,1016.0,85,58
Ljubljana,8.3,1016.0,82,69
Ljubljana,9.1,1016.0,80,78
Ljubljana,10.0,1016.0,77,86
Ljubljana,10.8,1016.0,75,94
Ljubljana,11.3,1016.0,73,90
Ljubljana,11.9,1016.0,72,85
Ljubljana,12.4,1016.0,70,81
Ljubljana,12.1,1016.0,73,81
Ljubljana,11.8,1015.0,75,80
Ljubljana,11.5,1015.0,77,80
Ljubljana,10.8,1015.0,81,85
Ljubljana,10.2,1015.0,85,90
Ljubljana,9.5,1015.0,89,95
Ljubljana,9.0,1015.0,90,90
Ljubljana,8.6,1015.0,92,85
Ljubljana,8.1,1016.0,93,79
Ljubljana,7.6,1016.0,94,68
Ljubljana,6.7,1016.0,94,46
Ljubljana,6.3,1016.0,94,53
Ljubljana,5.9,1016.0,93,60
Ljubljana,5.5,1016.0,93,67
Ljubljana,5.9,1015.0,92,60
Ljubljana,6.2,1015.0,90,52
Ljubljana,6.6,1015.0,89,45
Ljubljana,8.1,1015.0,80,38
Ljubljana,9.5,1015.0,71,31
Ljubljana,11.0,1015.0,63,24
Ljubljana,11.8,1014.0,59,34
Ljubljana,12.6,1014.0,55,44
Ljubljana,13.4,1014.0,51,54
Ljubljana,13.3,1013.0,51,61
Ljubljana,13.2,1013.0,51,68
Ljubljana,13.1,1013.0,50,75
Ljubljana,12.3,1013.0,55,69
Ljubljana,11.5,1013.0,59,62
Ljubljana,10.7,1013.0,64,56
Ljubljana,9.6,1013.0,69,49
Ljubljana,8.5,1014.0,75,43
Ljubljana,7.4,1014.0,80,36
Ljubljana,6.7,1014.0,82,38
Paris,13.3,1001.0,63,77
Paris,12.9,1001.0,66,82
Paris,12.6,1001.0,69,87
Paris,12.2,1001.0,72,93
Paris,12.0,1001.0,72,95
Paris,11.8,1001.0,73,98
Paris,11.6,1001.0,73,100
Paris,11.7,1002.0,74,100
Paris,11.9,1002.0,75,100
Paris,12.0,1003.0,75,100
Paris,12.3,1003.0,73,95
Paris,12.7,1004.0,70,90
Paris,13.0,1005.0,67,85
Paris,13.2,1005.0,65,84
Paris,13.5,1006.0,62,84
Paris,13.7,1006.0,60,83
Paris,13.6,1007.0,60,82
Paris,13.5,1007.0,60,81
Paris,13.4,1007.0,61,80
Paris,13.0,1008.0,62,65
Paris,12.7,1008.0,63,51
Paris,12.3,1009.0,64,36
Paris,12.0,1009.0,66,28
Paris,11.3,1010.0,69,11
Paris,11.0,1011.0,70,9
Paris,10.6,1011.0,70,8
Paris,10.3,1011.0,71,6
Paris,10.1,1012.0,72,7
Paris,10.0,1012.0,72,8
Paris,9.8,1012.0,72,9
Paris,10.7,1013.0,68,9
Paris,11.6,1013.0,64,9
Paris,12.5,1013.0,61,9
Paris,13.7,1014.0,56,12
Paris,15.0,1014.0,52,15
Paris,16.2,1014.0,48,18
Paris,16.8,1014.0,46,31
Paris,17.4,1014.0,44,44
Paris,18.0,1014.0,42,56
Paris,17.7,1014.0,44,60
Paris,17.4,1015.0,46,64
Paris,17.1,1015.0,48,69
Paris,16.2,1016.0,53,71
Paris,15.3,1016.0,58,74
Paris,14.4,1017.0,63,76
Paris,13.7,1017.0,66,82
Paris,12.4,1018.0,71,94
Paris,11.8,1017.0,72,95
Paris,11.3,1017.0,74,96
Paris,10.7,1016.0,75,97
Paris,10.6,1016.0,74,88
Paris,10.6,1016.0,74,80
Paris,10.5,1016.0,73,72
Paris,10.7,1016.0,68,71
Paris,10.8,1016.0,63,70
Paris,11.0,1016.0,58,69
Paris,11.3,1017.0,54,73
Paris,11.7,1017.0,50,78
Paris,12.0,1018.0,46,82
Paris,12.2,1018.0,44,84
Paris,12.5,1018.0,42,86
Paris,12.7,1019.0,40,88
Paris,12.1,1019.0,43,89
Paris,11.6,1019.0,47,91
Paris,11.0,1020.0,50,93
Paris,10.4,1020.0,53,84
Paris,9.9,1020.0,57,76
Paris,9.3,1021.0,61,67
Paris,9.1,1021.0,62,73
Paris,8.6,1021.0,66,84
Paris,8.3,1021.0,67,76
Paris,8.0,1021.0,69,67
Paris,7.7,1021.0,70,59
Paris,7.7,1021.0,71,62
Paris,7.6,1021.0,71,65
Paris,7.6,1021.0,72,68
Paris,8.3,1021.0,69,77
Paris,8.9,1021.0,67,86
Paris,9.6,1021.0,64,95
Paris,9.9,1021.0,64,96
Paris,10.3,1021.0,63,98
Paris,10.6,1021.0,63,100
Paris,10.9,1021.0,62,90
Paris,11.3,1021.0,61,81
Paris,11.6,1020.0,61,71
Paris,11.6,1020.0,61,67
Paris,11.7,1020.0,62,63
Paris,11.7,1020.0,62,59
Paris,11.3,1021.0,65,62
Paris,10.8,1021.0,68,66
Paris,10.4,1021.0,71,69
Paris,10.0,1022.0,74,72
Paris,9.2,1023.0,80,79
Paris,9.0,1023.0,81,65
Paris,8.7,1023.0,82,51
Paris,8.5,1024.0,83,37
Paris,8.6,1024.0,82,30
Paris,8.6,1025.0,81,22
Paris,8.7,1025.0,81,15
Paris,9.7,1025.0,76,22
Paris,10.8,1025.0,71,30
Paris,11.8,1025.0,65,37
Paris,13.3,1025.0,59,39
Paris,14.7,1025.0,52,42
Paris,16.2,1025.0,46,44
Paris,16.8,1025.0,43,48
Paris,17.4,1024.0,40,51
Paris,18.0,1024.0,37,55
Paris,17.6,1024.0,40,48
Paris,17.3,1024.0,42,40
Paris,16.9,1024.0,44,33
Paris,16.1,1024.0,48,27
Paris,15.2,1024.0,53,21
Paris,14.4,1024.0,57,15
Paris,13.8,1024.0,60,13
Rome,17.0,1018.0,66,13
Rome,16.8,1018.0,64,11
Rome,16.6,1018.0,62,10
Rome,16.4,1018.0,60,9
Rome,16.7,1018.0,58,8
Rome,17.1,1017.0,55,7
Rome,17.4,1017.0,53,6
Rome,19.4,1017.0,47,6
Rome,21.5,1017.0,42,5
Rome,23.5,1017.0,37,5
Rome,24.7,1017.0,34,5
Rome,26.0,1017.0,30,4
Rome,27.2,1017.0,27,4
Rome,27.0,1017.0,27,4
Rome,26.9,1017.0,27,4
Rome,26.7,1016.0,27,4
Rome,25.8,1016.0,29,5
Rome,24.9,1016.0,32,5
Rome,24.0,1016.0,34,5
Rome,23.1,1016.0,36,5
Rome,22.2,1016.0,38,5
Rome,21.3,1017.0,41,6
Rome,20.7,1017.0,42,5
Rome,19.6,1017.0,44,4
Rome,19.0,1017.0,46,5
Rome,18.4,1017.0,48,5
Rome,17.8,1016.0,51,6
Rome,17.8,1016.0,51,7
Rome,17.8,1016.0,52,7
Rome,17.8,1016.0,52,8
Rome,18.7,1016.0,50,17
Rome,19.6,1017.0,49,27
Rome,20.5,1017.0,47,36
Rome,20.2,1017.0,50,50
Rome,20.0,1017.0,53,63
Rome,19.7,1018.0,56,77
Rome,19.2,1017.0,58,74
Rome,18.7,1017.0,61,71
Rome,18.2,1017.0,63,68
Rome,17.7,1017.0,62,69
Rome,17.1,1017.0,61,69
Rome,16.6,1017.0,60,70
Rome,15.9,1018.0,61,55
Rome,15.3,1018.0,61,40
Rome,14.6,1018.0,62,25
Rome,14.5,1019.0,63,19
Rome,14.2,1019.0,66,5
Rome,14.3,1019.0,70,5
Rome,14.4,1019.0,73,5
Rome,14.5,1018.0,77,5
Rome,14.7,1018.0,77,4
Rome,14.9,1018.0,76,4
Rome,15.1,1018.0,76,3
Rome,16.3,1018.0,68,6
Rome,17.5,1018.0,60,8
Rome,18.7,1018.0,52,10
Rome,19.4,1018.0,47,10
Rome,20.2,1018.0,42,9
Rome,20.9,1018.0,37,8
Rome,20.8,1018.0,37,8
Rome,20.6,1018.0,37,8
Rome,20.5,1018.0,36,8
Rome,19.6,1018.0,40,18
Rome,18.7,1018.0,43,28
Rome,17.8,1018.0,46,39
Rome,17.0,1018.0,50,37
Rome,16.3,1018.0,53,35
Rome,15.5,1019.0,57,33
Rome,15.1,1019.0,58,27
Rome,14.3,1019.0,61,16
Rome,13.9,1018.0,63,14
Rome,13.5,1018.0,66,11
Rome,13.1,1017.0,69,9
Rome,13.2,1017.0,70,12
Rome,13.3,1016.0,71,16
Rome,13.4,1016.0,72,19
Rome,14.4,1016.0,69,25
Rome,15.5,1015.0,65,32
Rome,16.5,1015.0,62,38
Rome,17.2,1014.0,58,34
Rome,17.8,1014.0,54,31
Rome,18.5,1013.0,51,27
Rome,18.5,1013.0,50,21
Rome,18.6,1013.0,49,16
Rome,18.6,1012.0,48,10
Rome,18.1,1012.0,50,9
Rome,17.7,1012.0,53,8
Rome,17.2,1012.0,55,7
Rome,16.7,1013.0,58,6
Rome,16.2,1013.0,61,5
Rome,15.7,1013.0,64,5
Rome,15.2,1014.0,67,5
Rome,14.3,1014.0,73,5
Rome,13.6,1014.0,74,6
Rome,13.0,1013.0,75,6
Rome,12.3,1013.0,77,7
Rome,12.3,1013.0,75,22
Rome,12.4,1013.0,73,37
Rome,12.4,1012.0,71,52
Rome,13.2,1012.0,67,59
Rome,13.9,1012.0,63,65
Rome,14.7,1012.0,59,71
Rome,15.2,1011.0,55,71
Rome,15.7,1011.0,52,72
Rome,16.2,1011.0,48,72
Rome,16.4,1011.0,46,75
Rome,16.7,1011.0,44,78
Rome,16.9,1011.0,42,81
Rome,16.3,1011.0,44,80
Rome,15.6,1012.0,47,79
Rome,15.0,1012.0,49,78
Rome,14.2,1012.0,53,70
Rome,13.4,1013.0,57,62
Rome,12.6,1013.0,62,54
Rome,12.1,1014.0,65,42
Berlin,16.8,1008.0,74,48
Berlin,16.3,1008.0,77,58
Berlin,15.8,1009.0,81,68
Berlin,15.3,1009.0,85,78
Berlin,15.2,1010.0,83,78
Berlin,15.0,1010.0,82,78
Berlin,14.9,1011.0,80,78
Berlin,15.7,1011.0,72,77
Berlin,16.5,1012.0,65,75
Berlin,17.3,1012.0,57,74
Berlin,18.9,1013.0,49,58
Berlin,20.6,1013.0,42,42
Berlin,22.2,1013.0,34,27
Berlin,23.3,1013.0,31,19
Berlin,24.3,1013.0,28,11
Berlin,25.4,1013.0,25,3
Berlin,24.7,1012.0,27,4
Berlin,24.1,1012.0,29,5
Berlin,23.4,1012.0,31,5
Berlin,22.2,1012.0,34,6
Berlin,20.9,1012.0,37,7
Berlin,19.7,1012.0,40,8
Berlin,18.9,1011.0,46,8
Berlin,17.2,1011.0,58,9
Berlin,17.0,1010.0,62,9
Berlin,16.7,1009.0,67,9
Berlin,16.5,1009.0,71,10
Berlin,16.8,1008.0,72,23
Berlin,17.0,1008.0,72,36
Berlin,17.3,1008.0,73,50
Berlin,18.5,1008.0,69,46
Berlin,19.6,1008.0,65,41
Berlin,20.8,1008.0,61,37
Berlin,21.5,1008.0,58,32
Berlin,22.3,1008.0,55,26
Berlin,23.0,1008.0,53,21
Berlin,22.1,1008.0,55,39
Berlin,21.1,1008.0,56,56
Berlin,20.2,1008.0,58,74
Berlin,19.1,1009.0,60,75
Berlin,18.1,1009.0,63,77
Berlin,17.0,1009.0,65,78
Berlin,16.3,1010.0,67,73
Berlin,15.5,1010.0,68,67
Berlin,14.8,1011.0,70,62
Berlin,14.1,1011.0,70,60
Berlin,12.7,1012.0,70,57
Berlin,12.1,1012.0,71,62
Berlin,11.4,1012.0,73,66
Berlin,10.8,1013.0,74,71
Berlin,10.7,1013.0,75,72
Berlin,10.7,1013.0,75,73
Berlin,10.6,1013.0,76,74
Berlin,11.5,1013.0,72,68
Berlin,12.4,1013.0,68,62
Berlin,13.3,1013.0,64,56
Berlin,14.7,1013.0,58,59
Berlin,16.0,1013.0,51,62
Berlin,17.4,1012.0,45,64
Berlin,17.8,1012.0,43,63
Berlin,18.3,1012.0,40,61
Berlin,18.7,1011.0,38,60
Berlin,18.2,1011.0,41,52
Berlin,17.7,1011.0,44,45
Berlin,17.2,1011.0,46,37
Berlin,16.0,1012.0,54,41
Berlin,14.9,1012.0,61,46
Berlin,13.7,1012.0,69,50
Berlin,12.9,1013.0,73,62
Berlin,11.4,1013.0,82,87
Berlin,11.1,1013.0,82,91
Berlin,10.8,1014.0,83,96
Berlin,10.5,1014.0,83,100
Berlin,10.2,1014.0,83,100
Berlin,10.0,1014.0,83,100
Berlin,9.7,1015.0,83,100
Berlin,9.9,1015.0,80,100
Berlin,10.1,1016.0,78,100
Berlin,10.3,1016.0,75,100
Berlin,11.0,1016.0,71,96
Berlin,11.8,1017.0,67,93
Berlin,12.5,1017.0,62,89
Berlin,13.1,1017.0,60,75
Berlin,13.7,1017.0,57,62
Berlin,14.3,1017.0,54,48
Berlin,14.1,1017.0,55,44
Berlin,14.0,1018.0,57,40
Berlin,13.8,1018.0,58,36
Berlin,13.1,1018.0,62,50
Berlin,12.5,1019.0,66,65
Berlin,11.8,1019.0,70,80
Berlin,11.2,1019.0,73,81
Berlin,10.1,1020.0,80,82
Berlin,9.9,1019.0,81,85
Berlin,9.7,1019.0,83,88
Berlin,9.5,1019.0,84,91
Berlin,9.5,1019.0,85,94
Berlin,9.6,1019.0,85,97
Berlin,9.6,1019.0,86,100
Berlin,10.0,1018.0,85,100
Berlin,10.3,1018.0,84,100
Berlin,10.7,1018.0,83,100
Berlin,10.9,1018.0,82,98
Berlin,11.2,1018.0,82,95
Berlin,11.4,1017.0,81,93
Berlin,12.9,1017.0,75,87
Berlin,14.4,1017.0,68,82
Berlin,15.9,1017.0,62,76
Berlin,15.7,1017.0,57,75
Berlin,15.6,1017.0,53,74
Berlin,15.4,1017.0,49,73
Berlin,14.5,1017.0,52,57
Berlin,13.7,1018.0,54,41
Berlin,12.8,1018.0,56,25
Berlin,11.4,1018.0,60,18
Madrid,7.6,1007.0,85,67
Madrid,8.0,1007.0,85,67
Madrid,8.4,1007.0,84,66
Madrid,8.8,1007.0,83,66
Madrid,8.2,1008.0,83,71
Madrid,7.7,1008.0,83,75
Madrid,7.1,1009.0,83,79
Madrid,7.6,1010.0,77,68
Madrid,8.2,1010.0,72,57
Madrid,8.7,1011.0,67,46
Madrid,9.7,1012.0,61,50
Madrid,10.8,1012.0,56,54
Madrid,11.8,1013.0,51,58
Madrid,12.2,1013.0,49,65
Madrid,12.6,1013.0,47,72
Madrid,13.0,1014.0,45,79
Madrid,12.7,1014.0,46,78
Madrid,12.4,1015.0,47,78
Madrid,12.1,1015.0,48,77
Madrid,11.3,1017.0,51,62
Madrid,10.5,1018.0,55,47
Madrid,9.7,1019.0,59,33
Madrid,9.1,1020.0,62,25
Madrid,8.0,1022.0,68,10
Madrid,7.8,1023.0,69,11
Madrid,7.6,1023.0,70,12
Madrid,7.4,1023.0,72,13
Madrid,7.2,1024.0,73,14
Madrid,7.1,1024.0,74,15
Madrid,6.9,1024.0,74,16
Madrid,8.0,1024.0,69,15
Madrid,9.2,1025.0,63,13
Madrid,10.3,1025.0,57,11
Madrid,11.8,1025.0,50,11
Madrid,13.3,1025.0,44,11
Madrid,14.8,1024.0,38,10
Madrid,15.9,1024.0,35,9
Madrid,17.1,1024.0,32,8
Madrid,18.2,1024.0,29,7
Madrid,17.9,1024.0,30,6
Madrid,17.5,1024.0,31,6
Madrid,17.2,1024.0,31,5
Madrid,16.5,1024.0,35,5
Madrid,15.8,1025.0,38,5
Madrid,15.1,1025.0,41,5
Madrid,14.5,1026.0,44,5
Madrid,13.3,1027.0,50,5
Madrid,12.8,1027.0,52,5
Madrid,12.3,1027.0,54,5
Madrid,11.8,1027.0,56,4
Madrid,11.5,1028.0,57,4
Madrid,11.1,1028.0,58,4
Madrid,10.8,1028.0,59,4
Madrid,11.7,1028.0,56,4
Madrid,12.7,1027.0,53,4
Madrid,13.6,1027.0,50,4
Madrid,15.2,1026.0,46,4
Madrid,16.9,1026.0,42,4
Madrid,18.5,1026.0,37,4
Madrid,19.7,1025.0,35,4
Madrid,20.8,1024.0,33,4
Madrid,22.0,1024.0,30,5
Madrid,22.3,1023.0,31,5
Madrid,22.5,1023.0,31,5
Madrid,22.8,1023.0,32,5
Madrid,21.8,1023.0,34,6
Madrid,20.7,1023.0,37,7
Madrid,19.7,1024.0,40,8
Madrid,18.5,1024.0,43,9
Madrid,16.0,1025.0,51,13
Madrid,15.3,1025.0,55,11
Madrid,14.6,1025.0,59,10
Madrid,13.9,1025.0,63,9
Madrid,13.5,1024.0,64,8
Madrid,13.2,1024.0,66,7
Madrid,12.8,1024.0,67,6
Madrid,13.8,1024.0,64,6
Madrid,14.9,1024.0,60,5
Madrid,15.9,1023.0,57,5
Madrid,17.7,1022.0,52,5
Madrid,19.4,1022.0,46,5
Madrid,21.2,1021.0,41,5
Madrid,22.4,1020.0,38,5
Madrid,23.5,1020.0,34,5
Madrid,24.7,1019.0,31,5
Madrid,24.9,1019.0,31,5
Madrid,25.2,1018.0,31,5
Madrid,25.4,1018.0,31,6
Madrid,24.9,1018.0,34,6
Madrid,24.5,1018.0,36,7
Madrid,24.0,1019.0,39,7
Madrid,22.5,1019.0,41,8
Madrid,19.5,1019.0,43,10
Madrid,18.3,1019.0,44,11
Madrid,17.2,1019.0,44,12
Madrid,16.0,1019.0,44,13
Madrid,15.6,1019.0,45,13
Madrid,15.1,1019.0,46,12
Madrid,14.7,1019.0,47,12
Madrid,15.5,1019.0,46,11
Madrid,16.4,1018.0,45,11
Madrid,17.2,1018.0,44,10
Madrid,18.9,1018.0,41,9
Madrid,20.5,1017.0,38,9
Madrid,22.2,1017.0,35,8
Madrid,23.4,1016.0,32,9
Madrid,24.6,1015.0,29,10
Madrid,25.8,1015.0,27,11
Madrid,25.7,1014.0,27,16
Madrid,25.5,1014.0,28,21
Madrid,25.4,1014.0,28,26
Madrid,24.3,1014.0,31,37
Madrid,23.2,1015.0,34,47
Madrid,22.1,1015.0,37,58
Madrid,21.1,1015.0,40,64
Barcelona,14.8,1011.0,78,41
Barcelona,14.7,1011.0,79,46
Barcelona,14.6,1010.0,81,51
Barcelona,14.5,1010.0,82,56
Barcelona,14.6,1010.0,82,55
Barcelona,14.8,1009.0,82,54
Barcelona,14.9,1009.0,82,53
Barcelona,15.5,1009.0,79,54
Barcelona,16.0,1009.0,77,56
Barcelona,16.6,1010.0,74,57
Barcelona,16.8,1010.0,73,64
Barcelona,16.9,1010.0,71,71
Barcelona,17.1,1010.0,69,78
Barcelona,17.5,1010.0,67,66
Barcelona,17.8,1010.0,64,53
Barcelona,18.2,1010.0,61,40
Barcelona,18.3,1010.0,58,30
Barcelona,18.3,1010.0,54,20
Barcelona,18.4,1011.0,51,10
Barcelona,17.9,1011.0,49,9
Barcelona,17.3,1012.0,47,8
Barcelona,16.8,1013.0,45,7
Barcelona,16.4,1014.0,45,5
Barcelona,14.8,1016.0,47,2
Barcelona,14.4,1016.0,48,1
Barcelona,14.0,1016.0,48,1
Barcelona,13.6,1017.0,49,0
Barcelona,13.4,1017.0,50,2
Barcelona,13.2,1017.0,50,3
Barcelona,13.0,1018.0,51,5
Barcelona,13.8,1018.0,49,5
Barcelona,14.6,1019.0,47,5
Barcelona,15.4,1020.0,45,6
Barcelona,16.4,1020.0,44,6
Barcelona,17.5,1020.0,42,6
Barcelona,18.5,1021.0,40,7
Barcelona,18.6,1021.0,42,11
Barcelona,18.6,1021.0,43,15
Barcelona,18.7,1021.0,45,19
Barcelona,18.2,1021.0,48,21
Barcelona,17.6,1021.0,51,23
Barcelona,17.1,1021.0,54,25
Barcelona,16.8,1022.0,57,23
Barcelona,16.6,1023.0,60,20
Barcelona,16.3,1024.0,63,18
Barcelona,16.2,1024.0,65,15
Barcelona,16.0,1025.0,68,9
Barcelona,15.6,1025.0,68,10
Barcelona,15.2,1025.0,69,11
Barcelona,14.8,1025.0,70,12
Barcelona,14.5,1025.0,71,14
Barcelona,14.3,1025.0,72,16
Barcelona,14.0,1025.0,73,18
Barcelona,14.3,1025.0,71,26
Barcelona,14.7,1025.0,70,34
Barcelona,15.0,1025.0,69,42
Barcelona,15.6,1025.0,66,37
Barcelona,16.3,1025.0,64,31
Barcelona,16.9,1025.0,61,25
Barcelona,17.4,1025.0,60,20
Barcelona,18.0,1025.0,59,14
Barcelona,18.5,1024.0,58,9
Barcelona,18.3,1024.0,58,11
Barcelona,18.0,1024.0,59,13
Barcelona,17.8,1024.0,60,16
Barcelona,17.4,1024.0,61,20
Barcelona,17.1,1025.0,63,25
Barcelona,16.7,1025.0,64,30
Barcelona,16.6,1025.0,65,26
Barcelona,16.3,1026.0,66,20
Barcelona,15.9,1025.0,67,16
Barcelona,15.6,1025.0,68,12
Barcelona,15.2,1025.0,69,8
Barcelona,14.9,1025.0,70,15
Barcelona,14.6,1024.0,72,22
Barcelona,14.3,1024.0,73,29
Barcelona,14.3,1024.0,73,44
Barcelona,14.4,1024.0,72,59
Barcelona,14.4,1024.0,71,74
Barcelona,14.5,1023.0,70,78
Barcelona,14.7,1023.0,68,82
Barcelona,14.8,1023.0,67,85
Barcelona,14.9,1023.0,67,79
Barcelona,14.9,1022.0,67,72
Barcelona,15.0,1022.0,67,66
Barcelona,14.9,1021.0,67,69
Barcelona,14.7,1021.0,68,72
Barcelona,14.6,1021.0,69,75
Barcelona,14.5,1021.0,70,70
Barcelona,14.4,1021.0,71,65
Barcelona,14.3,1022.0,72,60
Barcelona,14.3,1022.0,72,52
Barcelona,14.2,1022.0,73,35
Barcelona,14.1,1022.0,73,41
Barcelona,14.0,1022.0,74,46
Barcelona,13.9,1021.0,74,51
Barcelona,13.9,1021.0,75,59
Barcelona,14.0,1021.0,76,66
Barcelona,14.0,1021.0,77,74
Barcelona,14.5,1021.0,75,78
Barcelona,14.9,1021.0,73,83
Barcelona,15.4,1020.0,71,87
Barcelona,15.8,1020.0,70,85
Barcelona,16.3,1020.0,68,83
Barcelona,16.7,1020.0,66,80
Barcelona,17.0,1019.0,65,70
Barcelona,17.2,1019.0,64,60
Barcelona,17.5,1019.0,64,50
Barcelona,17.3,1018.0,65,44
Barcelona,17.2,1018.0,66,38
Barcelona,17.0,1018.0,68,33
Barcelona,16.7,1018.0,70,47
Barcelona,16.4,1018.0,72,62
Barcelona,16.1,1019.0,75,77
Barcelona,15.9,1019.0,76,84
Stockholm,9.0,1021.0,64,25
Stockholm,8.9,1021.0,64,23
Stockholm,8.7,1020.0,63,21
Stockholm,8.6,1020.0,63,20
Stockholm,9.3,1019.0,61,21
Stockholm,9.9,1019.0,60,22
Stockholm,10.6,1019.0,58,23
Stockholm,11.6,1019.0,57,28
Stockholm,12.6,1019.0,56,33
Stockholm,13.6,1019.0,54,38
Stockholm,13.8,1019.0,55,41
Stockholm,14.0,1019.0,55,43
Stockholm,14.2,1019.0,56,45
Stockholm,13.8,1019.0,58,49
Stockholm,13.3,1019.0,61,52
Stockholm,12.9,1019.0,63,56
Stockholm,12.1,1019.0,67,58
Stockholm,11.3,1019.0,71,59
Stockholm,10.5,1019.0,75,60
Stockholm,10.1,1019.0,77,56
Stockholm,9.7,1018.0,80,52
Stockholm,9.3,1018.0,82,47
Stockholm,9.1,1018.0,83,58
Stockholm,8.6,1018.0,85,80
Stockholm,8.5,1018.0,84,73
Stockholm,8.3,1018.0,84,66
Stockholm,8.2,1018.0,83,59
Stockholm,8.8,1017.0,80,52
Stockholm,9.3,1017.0,76,45
Stockholm,9.9,1017.0,73,38
Stockholm,11.1,1017.0,69,40
Stockholm,12.3,1017.0,65,42
Stockholm,13.5,1016.0,60,44
Stockholm,14.3,1016.0,58,37
Stockholm,15.0,1016.0,56,30
Stockholm,15.8,1016.0,54,23
Stockholm,15.6,1015.0,54,19
Stockholm,15.4,1015.0,54,14
Stockholm,15.2,1015.0,55,9
Stockholm,14.1,1015.0,58,9
Stockholm,13.1,1015.0,62,10
Stockholm,12.0,1014.0,65,10
Stockholm,11.2,1014.0,69,11
Stockholm,10.3,1014.0,72,12
Stockholm,9.5,1014.0,76,13
Stockholm,9.2,1014.0,78,14
Stockholm,8.5,1014.0,81,16
Stockholm,8.4,1013.0,79,16
Stockholm,8.4,1013.0,77,15
Stockholm,8.3,1013.0,74,15
Stockholm,9.1,1013.0,70,15
Stockholm,9.9,1013.0,66,15
Stockholm,10.7,1013.0,62,15
Stockholm,12.0,1013.0,58,14
Stockholm,13.4,1013.0,53,14
Stockholm,14.7,1012.0,49,13
Stockholm,15.5,1012.0,47,13
Stockholm,16.2,1012.0,46,12
Stockholm,17.0,1012.0,44,12
Stockholm,17.0,1012.0,44,12
Stockholm,16.9,1013.0,44,12
Stockholm,16.9,1013.0,44,12
Stockholm,16.0,1013.0,46,10
Stockholm,15.1,1013.0,48,9
Stockholm,14.2,1013.0,51,8
Stockholm,13.3,1013.0,53,11
Stockholm,12.4,1014.0,56,13
Stockholm,11.5,1014.0,58,16
Stockholm,11.1,1014.0,58,14
Stockholm,10.2,1015.0,59,10
Stockholm,10.0,1015.0,59,8
Stockholm,9.8,1015.0,59,6
Stockholm,9.6,1016.0,59,4
Stockholm,9.8,1016.0,59,4
Stockholm,9.9,1017.0,60,4
Stockholm,10.1,1017.0,61,4
Stockholm,10.4,1018.0,61,4
Stockholm,10.7,1019.0,61,4
Stockholm,11.0,1019.0,61,4
Stockholm,11.0,1020.0,60,4
Stockholm,11.0,1021.0,59,4
Stockholm,11.0,1021.0,58,4
Stockholm,10.5,1022.0,57,9
Stockholm,10.1,1022.0,57,14
Stockholm,9.6,1023.0,56,19
Stockholm,8.7,1023.0,56,27
Stockholm,7.9,1024.0,56,35
Stockholm,7.0,1024.0,56,43
Stockholm,6.2,1024.0,57,35
Stockholm,5.5,1025.0,59,27
Stockholm,4.7,1025.0,61,20
Stockholm,4.3,1026.0,62,16
Stockholm,3.5,1026.0,66,10
Stockholm,3.4,1026.0,65,11
Stockholm,3.2,1026.0,64,12
Stockholm,3.1,1026.0,64,14
Stockholm,4.1,1026.0,59,15
Stockholm,5.2,1026.0,53,16
Stockholm,6.2,1026.0,48,17
Stockholm,8.0,1026.0,43,21
Stockholm,9.7,1026.0,38,26
Stockholm,11.5,1026.0,33,31
Stockholm,12.6,1025.0,31,26
Stockholm,13.6,1025.0,30,22
Stockholm,14.7,1025.0,29,17
Stockholm,14.8,1025.0,29,12
Stockholm,14.8,1024.0,30,7
Stockholm,14.9,1024.0,30,2
Stockholm,14.2,1024.0,33,2
Stockholm,13.4,1023.0,36,2
Stockholm,12.7,1023.0,39,2
Stockholm,11.3,1023.0,41,2
Stockholm,10.0,1023.0,44,2
Stockholm,8.6,1023.0,47,3
Stockholm,7.9,1022.0,48,4
Sofia,13.3,1023.0,83,5
Sofia,11.9,1023.0,83,7
Sofia,10.5,1024.0,83,9
Sofia,9.1,1024.0,83,11
Sofia,9.5,1024.0,79,15
Sofia,10.0,1024.0,75,18
Sofia,10.4,1024.0,71,22
Sofia,12.8,1024.0,65,20
Sofia,15.2,1024.0,59,18
Sofia,17.6,1024.0,52,16
Sofia,19.6,1023.0,48,14
Sofia,21.5,1023.0,44,12
Sofia,23.5,1023.0,40,10
Sofia,23.9,1022.0,39,11
Sofia,24.3,1022.0,39,12
Sofia,24.7,1021.0,39,13
Sofia,23.8,1021.0,43,21
Sofia,22.9,1021.0,48,29
Sofia,22.0,1021.0,52,37
Sofia,21.0,1021.0,60,53
Sofia,20.0,1021.0,67,68
Sofia,19.0,1021.0,75,84
Sofia,17.7,1021.0,77,83
Sofia,15.0,1022.0,82,81
Sofia,13.6,1022.0,82,73
Sofia,12.2,1021.0,83,66
Sofia,10.8,1021.0,84,58
Sofia,11.2,1021.0,82,50
Sofia,11.7,1021.0,80,42
Sofia,12.1,1021.0,78,34
Sofia,14.3,1021.0,71,40
Sofia,16.5,1021.0,64,46
Sofia,18.7,1020.0,57,52
Sofia,20.6,1020.0,51,38
Sofia,22.6,1020.0,45,24
Sofia,24.5,1019.0,39,10
Sofia,24.8,1019.0,38,11
Sofia,25.2,1018.0,37,13
Sofia,25.5,1018.0,36,15
Sofia,24.8,1018.0,39,16
Sofia,24.0,1017.0,43,17
Sofia,23.3,1017.0,47,18
Sofia,22.6,1017.0,53,16
Sofia,22.0,1017.0,60,13
Sofia,21.3,1017.0,66,11
Sofia,20.0,1017.0,68,11
Sofia,17.4,1017.0,72,9
Sofia,15.6,1017.0,74,8
Sofia,13.8,1017.0,75,7
Sofia,12.0,1016.0,77,7
Sofia,12.5,1016.0,76,7
Sofia,12.9,1015.0,76,7
Sofia,13.4,1015.0,75,8
Sofia,15.4,1015.0,69,8
Sofia,17.3,1014.0,62,8
Sofia,19.3,1014.0,56,9
Sofia,20.7,1013.0,50,13
Sofia,22.1,1013.0,44,17
Sofia,23.5,1012.0,37,21
Sofia,23.2,1012.0,37,29
Sofia,22.9,1011.0,37,37
Sofia,22.6,1011.0,37,45
Sofia,21.3,1011.0,43,49
Sofia,20.0,1011.0,50,54
Sofia,18.7,1010.0,56,58
Sofia,17.8,1011.0,62,66
Sofia,17.0,1011.0,69,75
Sofia,16.1,1011.0,75,83
Sofia,14.8,1012.0,76,84
Sofia,12.2,1013.0,77,85
Sofia,11.1,1013.0,78,75
Sofia,9.9,1013.0,80,66
Sofia,8.8,1013.0,81,56
Sofia,8.6,1014.0,80,40
Sofia,8.3,1014.0,79,24
Sofia,8.1,1014.0,78,7
Sofia,9.2,1014.0,72,9
Sofia,10.3,1014.0,67,12
Sofia,11.4,1014.0,62,14
Sofia,12.5,1014.0,56,17
Sofia,13.5,1014.0,50,20
Sofia,14.6,1013.0,45,22
Sofia,15.3,1013.0,43,19
Sofia,15.9,1012.0,41,16
Sofia,16.6,1012.0,40,12
Sofia,16.5,1012.0,43,12
Sofia,16.4,1012.0,46,12
Sofia,16.3,1011.0,49,12
Sofia,15.5,1012.0,55,15
Sofia,14.8,1012.0,60,17
Sofia,14.0,1012.0,66,19
Sofia,13.0,1012.0,68,24
Sofia,10.9,1013.0,71,35
Sofia,10.0,1013.0,71,35
Sofia,9.0,1013.0,72,36
Sofia,8.1,1013.0,72,36
Sofia,8.4,1013.0,72,34
Sofia,8.6,1013.0,72,32
Sofia,8.9,1013.0,71,30
Sofia,10.6,1012.0,65,27
Sofia,12.4,1012.0,60,23
Sofia,14.1,1012.0,54,19
Sofia,15.3,1011.0,49,22
Sofia,16.5,1011.0,43,25
Sofia,17.7,1010.0,38,28
Sofia,18.0,1010.0,36,32
Sofia,18.3,1009.0,35,36
Sofia,18.6,1009.0,33,41
Sofia,18.1,1008.0,37,36
Sofia,17.5,1008.0,40,30
Sofia,17.0,1008.0,44,25
Sofia,15.6,1008.0,51,24
Sofia,14.3,1008.0,57,22
Sofia,12.9,1009.0,64,20
Sofia,11.8,1009.0,66,19
Belgrade,14.5,1020.0,72,9
Belgrade,14.0,1020.0,74,10
Belgrade,13.5,1021.0,76,11
Belgrade,13.0,1021.0,78,11
Belgrade,13.5,1021.0,77,12
Belgrade,14.1,1021.0,75,13
Belgrade,14.6,1021.0,74,14
Belgrade,16.3,1021.0,70,13
Belgrade,17.9,1021.0,65,13
Belgrade,19.6,1021.0,61,13
Belgrade,21.1,1020.0,57,16
Belgrade,22.7,1020.0,53,19
Belgrade,24.2,1020.0,49,22
Belgrade,24.7,1019.0,49,22
Belgrade,25.1,1019.0,48,22
Belgrade,25.6,1019.0,47,23
Belgrade,25.2,1018.0,51,19
Belgrade,24.7,1018.0,56,16
Belgrade,24.3,1018.0,60,13
Belgrade,23.6,1018.0,64,11
Belgrade,23.0,1018.0,68,9
Belgrade,22.3,1019.0,72,8
Belgrade,20.7,1019.0,74,7
Belgrade,17.6,1019.0,80,6
Belgrade,16.8,1019.0,80,6
Belgrade,16.1,1019.0,81,5
Belgrade,15.3,1019.0,81,5
Belgrade,15.9,1019.0,78,6
Belgrade,16.6,1018.0,76,6
Belgrade,17.2,1018.0,73,7
Belgrade,18.9,1018.0,68,7
Belgrade,20.7,1018.0,63,7
Belgrade,22.4,1017.0,57,7
Belgrade,23.9,1017.0,53,7
Belgrade,25.5,1016.0,48,7
Belgrade,27.0,1016.0,43,7
Belgrade,27.2,1015.0,43,6
Belgrade,27.5,1014.0,42,6
Belgrade,27.7,1014.0,42,6
Belgrade,26.5,1013.0,45,8
Belgrade,25.4,1013.0,47,10
Belgrade,24.2,1013.0,50,13
Belgrade,23.0,1013.0,54,28
Belgrade,21.7,1013.0,58,44
Belgrade,20.5,1014.0,62,59
Belgrade,19.8,1014.0,64,64
Belgrade,18.3,1014.0,68,74
Belgrade,17.6,1014.0,72,69
Belgrade,16.9,1014.0,75,63
Belgrade,16.2,1013.0,79,57
Belgrade,16.0,1013.0,81,66
Belgrade,15.8,1013.0,83,75
Belgrade,15.6,1014.0,86,83
Belgrade,15.7,1014.0,86,89
Belgrade,15.7,1014.0,87,94
Belgrade,15.8,1014.0,87,100
Belgrade,15.6,1014.0,88,100
Belgrade,15.4,1014.0,88,100
Belgrade,15.2,1014.0,88,100
Belgrade,14.9,1013.0,87,98
Belgrade,14.5,1013.0,86,96
Belgrade,14.2,1013.0,85,95
Belgrade,13.7,1013.0,86,86
Belgrade,13.2,1013.0,86,77
Belgrade,12.7,1014.0,87,68
Belgrade,12.5,1014.0,88,65
Belgrade,12.3,1014.0,89,62
Belgrade,12.1,1015.0,90,59
Belgrade,12.0,1015.0,90,68
Belgrade,11.9,1016.0,90,87
Belgrade,11.5,1016.0,90,88
Belgrade,11.0,1016.0,90,89
Belgrade,10.6,1016.0,89,91
Belgrade,11.0,1016.0,86,75
Belgrade,11.3,1016.0,84,60
Belgrade,11.7,1016.0,81,45
Belgrade,12.9,1015.0,75,52
Belgrade,14.2,1015.0,69,59
Belgrade,15.4,1015.0,63,67
Belgrade,16.3,1015.0,58,70
Belgrade,17.3,1014.0,54,74
Belgrade,18.2,1014.0,49,78
Belgrade,18.3,1014.0,49,67
Belgrade,18.5,1013.0,48,56
Belgrade,18.6,1013.0,47,46
Belgrade,17.6,1013.0,52,53
Belgrade,16.5,1013.0,57,60
Belgrade,15.5,1013.0,61,67
Belgrade,14.6,1013.0,66,66
Belgrade,13.7,1014.0,70,64
Belgrade,12.8,1014.0,74,63
Belgrade,12.4,1014.0,77,53
Belgrade,11.5,1014.0,81,32
Belgrade,10.9,1014.0,83,42
Belgrade,10.4,1014.0,86,52
Belgrade,9.8,1014.0,88,63
Belgrade,10.3,1014.0,86,63
Belgrade,10.9,1014.0,84,63
Belgrade,11.4,1013.0,83,63
Belgrade,12.3,1013.0,79,70
Belgrade,13.3,1013.0,75,77
Belgrade,14.2,1013.0,72,84
Belgrade,15.0,1012.0,68,84
Belgrade,15.9,1011.0,64,83
Belgrade,16.7,1011.0,61,82
Belgrade,16.9,1010.0,60,82
Belgrade,17.0,1010.0,60,82
Belgrade,17.2,1010.0,60,82
Belgrade,16.4,1009.0,66,81
Belgrade,15.6,1009.0,72,81
Belgrade,14.8,1009.0,78,81
Belgrade,13.8,1009.0,82,74
Belgrade,12.9,1009.0,86,67
Belgrade,11.9,1010.0,90,60
Belgrade,11.5,1010.0,91,68
Graz,13.1,1014.0,82,26
Graz,12.4,1014.0,84,30
Graz,11.8,1015.0,86,34
Graz,11.1,1015.0,88,39
Graz,12.1,1015.0,85,30
Graz,13.2,1015.0,83,22
Graz,14.2,1016.0,81,13
Graz,15.8,1016.0,73,10
Graz,17.5,1016.0,64,7
Graz,19.1,1016.0,56,4
Graz,20.3,1015.0,50,4
Graz,21.5,1015.0,44,4
Graz,22.7,1015.0,38,4
Graz,22.9,1014.0,36,4
Graz,23.2,1014.0,35,4
Graz,23.4,1014.0,34,5
Graz,22.5,1014.0,39,4
Graz,21.5,1013.0,44,4
Graz,20.6,1013.0,50,4
Graz,19.5,1014.0,56,9
Graz,18.4,1014.0,62,14
Graz,17.3,1014.0,69,19
Graz,16.3,1014.0,71,18
Graz,14.3,1015.0,76,17
Graz,13.7,1014.0,78,14
Graz,13.1,1014.0,80,11
Graz,12.5,1014.0,82,8
Graz,13.1,1014.0,80,8
Graz,13.8,1014.0,78,8
Graz,14.4,1014.0,76,8
Graz,16.0,1013.0,69,9
Graz,17.5,1013.0,63,10
Graz,19.1,1013.0,56,11
Graz,20.5,1012.0,51,12
Graz,21.8,1012.0,46,13
Graz,23.2,1011.0,40,14
Graz,23.3,1011.0,40,16
Graz,23.4,1011.0,40,19
Graz,23.5,1010.0,40,22
Graz,22.9,1011.0,46,22
Graz,22.4,1011.0,52,23
Graz,21.8,1011.0,58,24
Graz,20.7,1012.0,63,21
Graz,19.5,1013.0,69,18
Graz,18.4,1013.0,74,15
Graz,16.7,1014.0,76,26
Graz,13.2,1015.0,80,49
Graz,12.1,1015.0,79,57
Graz,10.9,1016.0,78,64
Graz,9.8,1016.0,77,72
Graz,9.9,1016.0,74,75
Graz,9.9,1016.0,71,77
Graz,10.0,1017.0,68,79
Graz,11.3,1017.0,62,69
Graz,12.5,1017.0,55,58
Graz,13.8,1017.0,49,48
Graz,15.3,1016.0,45,53
Graz,16.9,1016.0,41,58
Graz,18.4,1016.0,36,63
Graz,18.1,1015.0,40,69
Graz,17.7,1015.0,43,76
Graz,17.4,1015.0,46,82
Graz,16.1,1015.0,53,81
Graz,14.9,1015.0,60,79
Graz,13.6,1015.0,66,78
Graz,12.4,1015.0,69,64
Graz,11.2,1016.0,72,50
Graz,10.0,1017.0,75,35
Graz,9.3,1017.0,75,29
Graz,7.9,1018.0,76,15
Graz,7.6,1018.0,75,14
Graz,7.2,1018.0,74,12
Graz,6.9,1018.0,73,11
Graz,7.6,1018.0,71,12
Graz,8.4,1018.0,68,14
Graz,9.1,1018.0,65,16
Graz,10.8,1018.0,58,16
Graz,12.6,1018.0,51,16
Graz,14.3,1018.0,44,16
Graz,15.3,1018.0,39,23
Graz,16.2,1017.0,35,30
Graz,17.2,1017.0,31,37
Graz,17.0,1017.0,32,41
Graz,16.7,1016.0,33,44
Graz,16.5,1016.0,34,48
Graz,15.4,1016.0,38,41
Graz,14.3,1016.0,41,35
Graz,13.2,1016.0,44,28
Graz,11.9,1016.0,48,23
Graz,10.5,1017.0,52,19
Graz,9.2,1017.0,55,14
Graz,8.1,1017.0,58,12
Graz,6.0,1018.0,64,9
Graz,5.5,1018.0,65,9
Graz,5.0,1017.0,66,8
Graz,4.5,1017.0,68,8
Graz,5.4,1017.0,65,13
Graz,6.4,1017.0,63,19
Graz,7.3,1017.0,61,24
Graz,8.6,1016.0,58,36
Graz,9.9,1016.0,54,48
Graz,11.2,1016.0,50,60
Graz,11.8,1015.0,49,64
Graz,12.4,1015.0,47,68
Graz,13.0,1015.0,45,72
Graz,13.2,1014.0,46,70
Graz,13.4,1014.0,46,69
Graz,13.6,1014.0,46,67
Graz,12.8,1014.0,49,62
Graz,12.0,1014.0,52,57
Graz,11.2,1014.0,55,51
Graz,10.0,1014.0,59,49
Graz,8.8,1014.0,62,47
Graz,7.6,1015.0,66,45
Graz,7.2,1015.0,68,46
